<?xml version="1.0" encoding="UTF-8"?>
<project-private xmlns="http://www.netbeans.org/ns/project-private/1">
    <editor-bookmarks xmlns="http://www.netbeans.org/ns/editor-bookmarks/2" lastBookmarkId="0"/>
    <open-files xmlns="http://www.netbeans.org/ns/projectui-open-files/2">
        <group>
            <file>file:/D:/Szkoła/Semestr%204/Programowanie%20Obiektowe%20i%20Grafika%20Komputerowa/Projekt%20%20robota%20SCARA/RobotSCARA/src/robotscara/RobotSCARA.java</file>
            <file>file:/D:/Szkoła/Semestr%204/Programowanie%20Obiektowe%20i%20Grafika%20Komputerowa/Projekt%20%20robota%20SCARA/RobotSCARA/src/Wzory/ButtonDemo.java</file>
            <file>file:/D:/Szkoła/Semestr%204/Programowanie%20Obiektowe%20i%20Grafika%20Komputerowa/Projekt%20%20robota%20SCARA/RobotSCARA/src/robotscara/EastControlPanel.java</file>
            <file>file:/D:/Szkoła/Semestr%204/Programowanie%20Obiektowe%20i%20Grafika%20Komputerowa/Projekt%20%20robota%20SCARA/RobotSCARA/src/robotscara/FullscreenToggleAction.java</file>
        </group>
    </open-files>
</project-private>
